NIKE,NIKE Pantofi sport AIR ZOOM TALARIA MID FK PRM,"450,00","450,00",44,barbati,2019-10-28 18:51:45.235423

ADIDAS,ADIDAS Pantofi sport ALPHABOUNCE RC 2 M,"217,35","247,00",41 1/3,barbati,2019-10-28 18:51:46.724708

ADIDAS,ADIDAS Pantofi sport ALPHABOUNCE RC 2 M,"247,00","247,00",41 1/3,barbati,2019-10-28 18:51:48.277431

ADIDAS,ADIDAS Pantofi sport ALPHABOUNCE RC 2 M,"246,00","246,00",41 1/3,barbati,2019-10-28 18:51:49.810657

ADIDAS,ADIDAS Pantofi sport ALPHABOUNCE RC M,"245,70","273,00",42,barbati,2019-10-28 18:51:51.429492

ADIDAS,ADIDAS Pantofi sport ALPHABOUNCE RC M,"258,00","258,00",41 1/3,barbati,2019-10-28 18:51:53.053906

ADIDAS,ADIDAS Pantofi sport ALPHABOUNCE RC M,"258,00","258,00",41 1/3,barbati,2019-10-28 18:51:54.518782

ADIDAS,ADIDAS Pantofi sport ALPHABOUNCE TRAINER M,"352,49","469,99",40,barbati,2019-10-28 18:51:55.937630

SALOMON,SALOMON Pantofi sport ALPHACROSS GTX,"589,99","589,99",42,barbati,2019-10-28 18:51:57.340685

ADIDAS,ADIDAS Pantofi sport APPROACH,"160,65","189,00",42,barbati,2019-10-28 18:51:58.735254

ADIDAS,ADIDAS Pantofi sport APPROACH,"175,00","175,00",41 1/3,barbati,2019-10-28 18:52:00.205692

ADIDAS,ADIDAS Pantofi sport APPROACH,"158,40","180,00",42,barbati,2019-10-28 18:52:01.802064

ADIDAS,ADIDAS Pantofi sport APPROACH,"180,00","180,00",41 1/3,barbati,2019-10-28 18:52:03.364816

ELLESSE,ELLESSE Pantofi sport ARCH,"84,00","112,00",44,barbati,2019-10-28 18:52:05.008833

ELLESSE,ELLESSE Pantofi sport ARCH,"84,00","112,00",44,barbati,2019-10-28 18:52:06.456698

ADIDAS,ADIDAS Pantofi sport ARCHIVO,"182,00","280,00",40,barbati,2019-10-28 18:52:08.013210

ADIDAS,ADIDAS Pantofi sport ARCHIVO,"182,00","280,00",40,barbati,2019-10-28 18:52:10.673205

ELLESSE,ELLESSE Pantofi sport ARDEL,"153,00","153,00",44,barbati,2019-10-28 18:52:12.360816

ADIDAS,ADIDAS Pantofi sport ARGECY,"169,00","169,00",42,barbati,2019-10-28 18:52:13.961052

ELLESSE,ELLESSE Pantofi sport ASCOT 03.GREY,"80,99","100,00",45,barbati,2019-10-28 18:52:15.489413

CHAMPION,CHAMPION Pantofi sport ASPEN,"134,40","168,00",40,barbati,2019-10-28 18:52:18.067880

CHAMPION,CHAMPION Pantofi sport ASPEN,"140,25","165,01",40,barbati,2019-10-28 18:52:19.587013

ELLESSE,ELLESSE Pantofi sport ASSIST HI LTHR AM BLK/BLK/BLK,"499,99","499,99",46,barbati,2019-10-28 18:52:21.235635

ELLESSE,ELLESSE Pantofi sport ASSIST HI LTHR AM BLK/BLK/BLK,"499,99","499,99",46,barbati,2019-10-28 18:52:22.793851

ELLESSE,ELLESSE Pantofi sport ASSIST HI LTHR AM WHT/DK BLU/GRN,"479,99","479,99",46,barbati,2019-10-28 18:52:24.472793

ADIDAS,ADIDAS Pantofi sport ASWEERUN,"259,99","259,99",41 1/3,barbati,2019-10-28 18:52:25.809717

ADIDAS,ADIDAS Pantofi sport ASWEERUN,"150,42","169,00",41 1/3,barbati,2019-10-28 18:52:27.435882

ELLESSE,ELLESSE Pantofi sport AUSTIN,"114,00","190,00",44,barbati,2019-10-28 18:52:28.887439

ELLESSE,ELLESSE Pantofi sport AUSTIN,"114,00","190,00",44,barbati,2019-10-28 18:52:30.493530

HELLY HANSEN,HELLY HANSEN Pantofi sport BACKTRACK,"273,70","322,00",44,barbati,2019-10-28 18:52:31.958349

HELLY HANSEN,HELLY HANSEN Pantofi sport BACKTRACK,"273,70","322,00",44,barbati,2019-10-28 18:52:33.879613

CHAMPION,CHAMPION Pantofi sport BAHO,"159,50","289,99",41,barbati,2019-10-28 18:52:35.588062

CHAMPION,CHAMPION Pantofi sport BAHO,"159,50","289,99",41,barbati,2019-10-28 18:52:40.392898

ADIDAS,ADIDAS Pantofi sport BARRICADE COURT 3,"201,61","224,01",45 1/3,barbati,2019-10-28 18:52:41.705083

ADIDAS,ADIDAS Pantofi sport BARRICADE COURT 3,"199,79","221,99",42,barbati,2019-10-28 18:52:43.309239

HELLY HANSEN,HELLY HANSEN Pantofi sport BERGE VIKING LOW,"141,40","202,00",44,barbati,2019-10-28 18:52:44.685189

HELLY HANSEN,HELLY HANSEN Pantofi sport BERGE VIKING LOW,"137,80","212,00",44,barbati,2019-10-28 18:52:46.191847

HELLY HANSEN,HELLY HANSEN Pantofi sport BERGSHAVEN,"217,56","294,00",44,barbati,2019-10-28 18:52:47.748441

CHAMPION,CHAMPION Pantofi sport BOLT,"107,09","125,99",40,barbati,2019-10-28 18:52:49.432912

CHAMPION,CHAMPION Pantofi sport BOLT,"113,75","175,00",40,barbati,2019-10-28 18:52:50.827381

CHAMPION,CHAMPION Pantofi sport BOLT,"101,99","120,00",40,barbati,2019-10-28 18:52:52.192184

CHAMPION,CHAMPION Pantofi sport BOSTON,"99,00","99,00",43,barbati,2019-10-28 18:52:53.701952

CHAMPION,CHAMPION Pantofi sport BOSTON,"99,00","99,00",44,barbati,2019-10-28 18:52:54.961928

CHAMPION,CHAMPION Pantofi sport BOSTON,"190,00","190,00",42,barbati,2019-10-28 18:52:56.549057

CHAMPION,CHAMPION Pantofi sport BOSTON,"95,00","95,00",40,barbati,2019-10-28 18:52:58.466016

CHAMPION,CHAMPION Pantofi sport BOSTON,"95,99","119,99",45,barbati,2019-10-28 18:53:00.123753

CHAMPION,CHAMPION Pantofi sport BOUTLY,"126,50","229,99",41,barbati,2019-10-28 18:53:01.556054

CHAMPION,CHAMPION Pantofi sport BOUTLY,"126,50","229,99",41,barbati,2019-10-28 18:53:03.086690

ELLESSE,ELLESSE Pantofi sport BRANT,"85,68","119,00",44,barbati,2019-10-28 18:53:07.971157

ELLESSE,ELLESSE Pantofi sport BRANT,"89,25","119,00",44,barbati,2019-10-28 18:53:09.378918

LOTTO,LOTTO Pantofi sport BREZZE,"114,00","190,00",45,barbati,2019-10-28 18:53:10.856435

MERRELL,MERRELL Pantofi sport BURNT ROCK MID WP,"437,99","729,99",43.5,barbati,2019-10-28 18:53:12.526934

ADIDAS,ADIDAS Pantofi sport CAMPUS,"246,00","246,00",40 2/3,barbati,2019-10-28 18:53:14.172609

ADIDAS,ADIDAS Pantofi sport CAMPUS,"237,60","264,00",44,barbati,2019-10-28 18:53:15.964469

SLAZENGER,SLAZENGER Pantofi sport CANVAS PUMP SNR 40,"34,99","34,99",41.5,barbati,2019-10-28 18:53:17.439766

SLAZENGER,SLAZENGER Pantofi sport CANVAS PUMP SNR 40,"34,99","34,99",42,barbati,2019-10-28 18:53:18.871202

PUMA,PUMA Pantofi sport CARACAL,"188,50","289,99",40,barbati,2019-10-28 18:53:20.419686

PUMA,PUMA Pantofi sport CARACAL SD,"201,49","310,00",40,barbati,2019-10-28 18:53:22.520521

CHAMPION,CHAMPION Pantofi sport CARBON,"118,30","182,00",43,barbati,2019-10-28 18:53:24.037024

ADIDAS,ADIDAS Pantofi sport CF ADVANTAGE,"222,99","222,99",44,barbati,2019-10-28 18:53:25.629145

ADIDAS,ADIDAS Pantofi sport CF ADVANTAGE,"234,00","234,00",40 2/3,barbati,2019-10-28 18:53:27.562206

ADIDAS,ADIDAS Pantofi sport CF ADVANTAGE,"208,26","234,00",42,barbati,2019-10-28 18:53:28.981187

ADIDAS,ADIDAS Pantofi sport CF ADVANTAGE CL,"389,99","389,99",41 1/3,barbati,2019-10-28 18:53:30.438533

ADIDAS,ADIDAS Pantofi sport CF ADVANTAGE CL,"234,00","234,00",41 1/3,barbati,2019-10-28 18:53:31.921772

ADIDAS,ADIDAS Pantofi sport CF ADVANTAGE CL,"221,99","221,99",41 1/3,barbati,2019-10-28 18:53:33.469201

ADIDAS,ADIDAS Pantofi sport CF ADVANTAGE CL,"221,99","221,99",41 1/3,barbati,2019-10-28 18:53:35.091851

ADIDAS,ADIDAS Pantofi sport CF ALL COURT,"179,20","224,01",44,barbati,2019-10-28 18:53:36.560431

ADIDAS,ADIDAS Pantofi sport CF HOOPS MID WTR,"256,49","341,99",40 2/3,barbati,2019-10-28 18:53:38.023963

ADIDAS,ADIDAS Pantofi sport CF LITE RACER,"220,99","220,99",39 1/3,barbati,2019-10-28 18:53:39.651484

ADIDAS,ADIDAS Pantofi sport CF LITE RACER,"204,80","256,00",42 2/3,barbati,2019-10-28 18:53:41.543016

ADIDAS,ADIDAS Pantofi sport CF LITE RACER,"206,00","206,00",40 2/3,barbati,2019-10-28 18:53:43.175064

ADIDAS,ADIDAS Pantofi sport CF RACER MID WTR,"210,00","210,00",44 2/3,barbati,2019-10-28 18:53:44.785188

ADIDAS,ADIDAS Pantofi sport CF RACER MID WTR,"251,99","251,99",42,barbati,2019-10-28 18:53:46.262776

ADIDAS,ADIDAS Pantofi sport CF RACER MID WTR,"251,99","251,99",42,barbati,2019-10-28 18:53:47.735961

ADIDAS,ADIDAS Pantofi sport CF RACER TR,"216,00","216,00",43 1/3,barbati,2019-10-28 18:53:49.651821

ADIDAS,ADIDAS Pantofi sport CF RACER TR,"190,40","238,00",43 1/3,barbati,2019-10-28 18:53:51.099566

ADIDAS,ADIDAS Pantofi sport CF RACER TR,"180,00","180,00",45 1/3,barbati,2019-10-28 18:53:52.508910

ADIDAS,ADIDAS Pantofi sport CF RACER TR,"198,00","198,00",44,barbati,2019-10-28 18:53:53.856926

ADIDAS,ADIDAS Pantofi sport CF RACER TR,"251,99","251,99",41 1/3,barbati,2019-10-28 18:53:55.879201

KRONOS,KRONOS Pantofi sport CHANGE,"116,99","179,99",41,barbati,2019-10-28 18:53:58.558054

KRONOS,KRONOS Pantofi sport CHANGE,"116,99","179,99",41,barbati,2019-10-28 18:54:00.104531

ADIDAS,ADIDAS Pantofi sport CHAOS,"262,49","349,99",40,barbati,2019-10-28 18:54:01.972980

CHAMPION,CHAMPION Pantofi sport CHELSEA,"101,15","119,00",43,barbati,2019-10-28 18:54:03.566228

CHAMPION,CHAMPION Pantofi sport CHELSEA,"101,15","119,00",44,barbati,2019-10-28 18:54:04.990501

CHAMPION,CHAMPION Pantofi sport CHELSEA,"97,31","139,00",41,barbati,2019-10-28 18:54:06.402139

CHAMPION,CHAMPION Pantofi sport CHELSEA  001.NAVY,"76,01","76,01",45,barbati,2019-10-28 18:54:07.826543

CONVERSE,CONVERSE Pantofi sport CHUCK TAYLOR ALL STAR,"151,64","222,99",45,barbati,2019-10-28 18:54:09.279422

CONVERSE,CONVERSE Pantofi sport CHUCK TAYLOR ALL STAR,"137,24","183,00",37.5,barbati,2019-10-28 18:54:10.714663

CONVERSE,CONVERSE Pantofi sport CHUCK TAYLOR ALL STAR,"210,80","248,00",37.5,barbati,2019-10-28 18:54:12.116748

REEBOK,REEBOK Pantofi sport CL LTHR,"261,00","261,00",41,barbati,2019-10-28 18:54:13.659362

REEBOK,REEBOK Pantofi sport CL LTHR,"286,00","286,00",42,barbati,2019-10-28 18:54:15.153964

CHAMPION,CHAMPION Pantofi sport CLASSIC,"131,99","131,99",42,barbati,2019-10-28 18:54:16.668239

CHAMPION,CHAMPION Pantofi sport CLASSIC,"131,99","131,99",41,barbati,2019-10-28 18:54:18.241102

CHAMPION,CHAMPION Pantofi sport CLASSIC,"117,61","168,00",43,barbati,2019-10-28 18:54:19.779834

REEBOK,REEBOK Pantofi sport CLASSIC LTH ECRU,"359,99","359,99",44,barbati,2019-10-28 18:54:21.250586

SLAZENGER,SLAZENGER Pantofi sport CLASSIC MENS TRAINERS,"195,01","195,01",41,barbati,2019-10-28 18:54:22.815363

SLAZENGER,SLAZENGER Pantofi sport CLASSIC MENS TRAINERS,"280,00","280,00",42.5,barbati,2019-10-28 18:54:27.413165

ADIDAS,ADIDAS Pantofi sport CLOUDFOAM ADVANTAGE CLEAN,"251,99","251,99",41 1/3,barbati,2019-10-28 18:54:29.234140

ADIDAS,ADIDAS Pantofi sport CLOUDFOAM BB HOOPS,"191,99","191,99",42 2/3,barbati,2019-10-28 18:54:30.771054

ADIDAS,ADIDAS Pantofi sport CLOUDFOAM RACER TR,"234,00","234,00",43 1/3,barbati,2019-10-28 18:54:32.208299

ADIDAS,ADIDAS Pantofi sport CLOUDFOAM ULTIMATE,"319,00","319,00",41 1/3,barbati,2019-10-28 18:54:33.754911

ADIDAS,ADIDAS Pantofi sport CLOUDFOAM ULTIMATE,"246,40","308,00",44,barbati,2019-10-28 18:54:35.382379

ADIDAS,ADIDAS Pantofi sport CLOUDFOAM ULTIMATE,"273,00","273,00",41 1/3,barbati,2019-10-28 18:54:36.994207

ADIDAS,ADIDAS Pantofi sport CLOUDFOAM ULTIMATE,"273,00","273,00",41 1/3,barbati,2019-10-28 18:54:38.544146

CHAMPION,CHAMPION Pantofi sport COOPER,"85,50","95,00",42,barbati,2019-10-28 18:54:40.054250

CHAMPION,CHAMPION Pantofi sport COOPER,"85,50","95,00",43,barbati,2019-10-28 18:54:41.424597

SERGIO TACCHINI,SERGIO TACCHINI Pantofi sport COPENHAGEN CVS,"107,99","179,99",43,barbati,2019-10-28 18:54:43.226422

ADIDAS,ADIDAS Pantofi sport COURT ADAPT,"214,00","214,00",41 1/3,barbati,2019-10-28 18:54:45.110153

LOTTO,LOTTO Pantofi sport COURT LOGO XVI,"115,49","209,99",40.5,barbati,2019-10-28 18:54:46.687277

LOTTO,LOTTO Pantofi sport COURT LOGO XVI,"115,49","209,99",40.5,barbati,2019-10-28 18:54:48.114887

ADIDAS,ADIDAS Pantofi sport COURT VULC,"191,99","191,99",44,barbati,2019-10-28 18:54:49.955124

ADIDAS,ADIDAS Pantofi sport COURT VULC,"160,00","160,00",44 2/3,barbati,2019-10-28 18:54:51.710280

ADIDAS,ADIDAS Pantofi sport COURT VULC,"191,99","191,99",44,barbati,2019-10-28 18:54:53.511440

ADIDAS,ADIDAS Pantofi sport COURT80S,"247,00","379,99",40,barbati,2019-10-28 18:54:54.957381

ADIDAS,ADIDAS Pantofi sport COURT80S,"247,00","379,99",40,barbati,2019-10-28 18:54:56.763881

ADIDAS,ADIDAS Pantofi sport COURTSET,"128,79","161,00",46,barbati,2019-10-28 18:54:58.459131

ADIDAS,ADIDAS Pantofi sport COURTSMASH,"168,00","168,00",42,barbati,2019-10-28 18:54:59.919302

ADIDAS,ADIDAS Pantofi sport CRAZYCHAOS,"262,49","349,99",40,barbati,2019-10-28 18:55:01.655526

ADIDAS,ADIDAS Pantofi sport CRAZYCHAOS,"247,00","379,99",40,barbati,2019-10-28 18:55:03.110490

ADIDAS,ADIDAS Pantofi sport CRAZYPOWER TR M,"396,90","441,00",41 1/3,barbati,2019-10-28 18:55:04.508093

ADIDAS,ADIDAS Pantofi sport CRAZYTRAIN 2 CF M,"198,00","264,00",42 2/3,barbati,2019-10-28 18:55:05.899601

ADIDAS,ADIDAS Pantofi sport CRAZYTRAIN CF M CBLACK/FTWWHT/SCARLE,"175,50","195,01",40 2/3,barbati,2019-10-28 18:55:07.325532

ADIDAS,ADIDAS Pantofi sport CRAZYTRAIN LT M,"254,01","254,01",40 2/3,barbati,2019-10-28 18:55:08.883411

ADIDAS,ADIDAS Pantofi sport CRAZYTRAIN LT M,"258,00","258,00",41 1/3,barbati,2019-10-28 18:55:10.775670

ADIDAS,ADIDAS Pantofi sport CRAZYTRAIN LT M,"258,00","258,00",41 1/3,barbati,2019-10-28 18:55:12.275506

ADIDAS,ADIDAS Pantofi sport CRAZYTRAIN PRO 3 M,"318,00","318,00",41 1/3,barbati,2019-10-28 18:55:13.962476

ADIDAS,ADIDAS Pantofi sport CRAZYTRAIN PRO 3.0,"302,39","336,00",42,barbati,2019-10-28 18:55:15.632329

ADIDAS,ADIDAS Pantofi sport DAME D.O.L.L.A.,"346,92","413,00",44,barbati,2019-10-28 18:55:17.425907

ELLESSE,ELLESSE Pantofi sport DANDY,"150,00","150,00",44,barbati,2019-10-28 18:55:19.175840

ELLESSE,ELLESSE Pantofi sport DANNER,"84,00","112,00",44,barbati,2019-10-28 18:55:20.866501

ELLESSE,ELLESSE Pantofi sport DANNER,"80,65","112,00",44,barbati,2019-10-28 18:55:22.530819

ADIDAS,ADIDAS Pantofi sport DAROGA PLUS LEA,"479,99","479,99",41 1/3,barbati,2019-10-28 18:55:24.143895

ELLESSE,ELLESSE Pantofi sport DAVID,"115,20","144,00",44,barbati,2019-10-28 18:55:25.664046

ELLESSE,ELLESSE Pantofi sport DAVID,"115,20","144,00",44,barbati,2019-10-28 18:55:27.377207

CHAMPION,CHAMPION Pantofi sport DECK,"76,80","128,00",41,barbati,2019-10-28 18:55:28.952006

CHAMPION,CHAMPION Pantofi sport DECK,"112,00","112,00",41,barbati,2019-10-28 18:55:30.578012

CHAMPION,CHAMPION Pantofi sport DECK V2,"76,51","90,00",40,barbati,2019-10-28 18:55:32.372265

CHAMPION,CHAMPION Pantofi sport DECK V2,"76,51","90,00",40,barbati,2019-10-28 18:55:33.762615

ELLESSE,ELLESSE Pantofi sport DELSIN,"100,79","126,00",44,barbati,2019-10-28 18:55:35.392850

REEBOK,REEBOK Pantofi sport DMX LITE KATAK,"191,99","191,99",40.5,barbati,2019-10-28 18:55:37.018084

CHAMPION,CHAMPION Pantofi sport DOT,"94,80","120,00",44,barbati,2019-10-28 18:55:38.549053

ELLESSE,ELLESSE Pantofi sport DUFF SUEDE,"100,00","100,00",44,barbati,2019-10-28 18:55:39.965909

ADIDAS,ADIDAS Pantofi sport DURAMO 7 ATR M,"184,03","214,00",44,barbati,2019-10-28 18:55:41.995503

ADIDAS,ADIDAS Pantofi sport DURAMO 7 M,"198,00","198,00",42,barbati,2019-10-28 18:55:43.866756

ADIDAS,ADIDAS Pantofi sport DURAMO 8 M MYSBLU/CONAVY/CONAVY,"194,40","240,00",43 1/3,barbati,2019-10-28 18:55:48.594571

ADIDAS,ADIDAS Pantofi sport DURAMO 8 TRAINER M,"170,00","170,00",44 2/3,barbati,2019-10-28 18:55:50.069661

ADIDAS,ADIDAS Pantofi sport DURAMO 8 TRAINER M,"228,00","228,00",41 1/3,barbati,2019-10-28 18:55:51.927149

ADIDAS,ADIDAS Pantofi sport DURAMO 9,"206,00","206,00",41 1/3,barbati,2019-10-28 18:55:53.370836

ADIDAS,ADIDAS Pantofi sport DURAMO 9,"259,99","259,99",40 2/3,barbati,2019-10-28 18:55:54.838505

ADIDAS,ADIDAS Pantofi sport DURAMO 9,"180,00","180,00",42,barbati,2019-10-28 18:55:56.247767

ADIDAS,ADIDAS Pantofi sport DURAMO 9,"180,00","180,00",42,barbati,2019-10-28 18:55:57.716960

ADIDAS,ADIDAS Pantofi sport DURAMO 9,"208,00","208,00",41 1/3,barbati,2019-10-28 18:55:59.289146

ADIDAS,ADIDAS Pantofi sport DURAMO 9,"168,99","259,99",40,barbati,2019-10-28 18:56:00.923313

ADIDAS,ADIDAS Pantofi sport DURAMO LITE 2.0,"168,00","168,00",46,barbati,2019-10-28 18:56:02.358677

ADIDAS,ADIDAS Pantofi sport DURAMO LITE 2.0,"151,20","168,00",43 1/3,barbati,2019-10-28 18:56:03.929107

ADIDAS,ADIDAS Pantofi sport DURAMO LITE 2.0,"137,00","137,00",41 1/3,barbati,2019-10-28 18:56:05.674095

ADIDAS,ADIDAS Pantofi sport DURAMO LITE 2.0,"132,48","144,00",45 1/3,barbati,2019-10-28 18:56:06.963924

ADIDAS,ADIDAS Pantofi sport DURAMO TRAINER,"150,50","175,00",44,barbati,2019-10-28 18:56:08.396087

ADIDAS,ADIDAS Pantofi sport ENERGY BOOST M,"463,54","539,00",44,barbati,2019-10-28 18:56:09.920041

ADIDAS,ADIDAS Pantofi sport ENERGY CLOUD 2,"161,98","182,00",40 2/3,barbati,2019-10-28 18:56:11.270997

ADIDAS,ADIDAS Pantofi sport ENERGY CLOUD WTC M,"161,99","180,00",44,barbati,2019-10-28 18:56:13.065913

ADIDAS,ADIDAS Pantofi sport ENERGYFALCON,"230,99","329,99",40,barbati,2019-10-28 18:56:14.551304

ADIDAS,ADIDAS Pantofi sport ENERGYFALCON,"230,99","329,99",40,barbati,2019-10-28 18:56:16.684847

ADIDAS,ADIDAS Pantofi sport ENERGYFALCON,"230,99","329,99",40,barbati,2019-10-28 18:56:18.156774

CHAMPION,CHAMPION Pantofi sport ENVY 2,"104,89","138,00",40,barbati,2019-10-28 18:56:19.749172

CHAMPION,CHAMPION Pantofi sport ENVY 2,"104,89","138,00",40,barbati,2019-10-28 18:56:21.269649

CHAMPION,CHAMPION Pantofi sport ENVY 2.0,"126,50","229,99",41,barbati,2019-10-28 18:56:22.861913

CHAMPION,CHAMPION Pantofi sport ENVY 2.0,"126,50","229,99",41,barbati,2019-10-28 18:56:24.288356

SERGIO TACCHINI,SERGIO TACCHINI Pantofi sport EPOQUE JEANS,"126,00","209,99",42,barbati,2019-10-28 18:56:26.054639

SERGIO TACCHINI,SERGIO TACCHINI Pantofi sport EPOQUE LTH,"126,00","209,99",44,barbati,2019-10-28 18:56:27.556004

SERGIO TACCHINI,SERGIO TACCHINI Pantofi sport EPOQUE NBK  01.NAVY,"98,00","140,00",41,barbati,2019-10-28 18:56:29.072987

ADIDAS,ADIDAS Pantofi sport EQT SUPPORT 93 17,"498,00","498,00",40 2/3,barbati,2019-10-28 18:56:30.954219

ADIDAS,ADIDAS Pantofi sport ESSENCE,"169,33","204,00",41 1/3,barbati,2019-10-28 18:56:32.843291

ADIDAS,ADIDAS Pantofi sport ESSENTIAL STAR 3 M,"182,00","182,00",40 2/3,barbati,2019-10-28 18:56:34.675369

ADIDAS,ADIDAS Pantofi sport ESSENTIAL STAR 3 M,"182,00","182,00",41 1/3,barbati,2019-10-28 18:56:37.011059

ADIDAS,ADIDAS Pantofi sport ESSENTIAL STAR 3 M,"182,00","182,00",41 1/3,barbati,2019-10-28 18:56:39.688222

REEBOK,REEBOK Pantofi sport EVERFORCE BREEZE,"247,00","379,99",40.5,barbati,2019-10-28 18:56:41.322819

ADIDAS,ADIDAS Pantofi sport EXPLOSIVE BOUNCE,"302,39","336,00",42,barbati,2019-10-28 18:56:42.842183

HELLY HANSEN,HELLY HANSEN Pantofi sport FJORD CANVAS,"196,42","322,00",44,barbati,2019-10-28 18:56:44.373978

HELLY HANSEN,HELLY HANSEN Pantofi sport FJORD CANVAS SHOE V2,"157,50","175,00",44,barbati,2019-10-28 18:56:45.943875

ADIDAS,ADIDAS Pantofi sport FLUIDCLOUD NEUTRAL M,"167,00","167,00",40 2/3,barbati,2019-10-28 18:56:47.488811

REEBOK,REEBOK Pantofi sport FOREVER FLOATRIDE ENERGY,"305,00","305,00",41,barbati,2019-10-28 18:56:48.971141

LOTTO,LOTTO Pantofi sport FOREX,"142,49","190,00",45,barbati,2019-10-28 18:56:50.572289

CHAMPION,CHAMPION Pantofi sport FURY,"191,99","319,99",41,barbati,2019-10-28 18:56:52.351800

CHAMPION,CHAMPION Pantofi sport FURY,"191,99","319,99",41,barbati,2019-10-28 18:56:53.837900

ADIDAS,ADIDAS Pantofi sport FUSION STORM WTR,"247,00","379,99",40 2/3,barbati,2019-10-28 18:56:55.606677

ADIDAS,ADIDAS Pantofi sport FUSION STORM WTR,"247,00","379,99",40,barbati,2019-10-28 18:56:57.447427

ADIDAS,ADIDAS Pantofi sport FUSION STORM WTR,"247,00","379,99",40 2/3,barbati,2019-10-28 18:56:59.092735

ADIDAS,ADIDAS Pantofi sport GALAXY 4,"156,00","156,00",41 1/3,barbati,2019-10-28 18:57:01.012417

ADIDAS,ADIDAS Pantofi sport GALAXY 4,"156,00","156,00",41 1/3,barbati,2019-10-28 18:57:02.986503

ADIDAS,ADIDAS Pantofi sport GALAXY 4 M,"280,00","280,00",40 2/3,barbati,2019-10-28 18:57:04.423293

ADIDAS,ADIDAS Pantofi sport GALAXY 4 M,"176,00","176,00",42 2/3,barbati,2019-10-28 18:57:07.134863

ADIDAS,ADIDAS Pantofi sport GALAXY 4 M,"280,00","280,00",41 1/3,barbati,2019-10-28 18:57:13.218824

ADIDAS,ADIDAS Pantofi sport GALAXY 4 M,"180,00","180,00",40 2/3,barbati,2019-10-28 18:57:15.123026

ADIDAS,ADIDAS Pantofi sport GALAXY TRAIL,"189,00","189,00",42 2/3,barbati,2019-10-28 18:57:17.723747

ADIDAS,ADIDAS Pantofi sport GALAXY TRAIL,"180,00","180,00",41 1/3,barbati,2019-10-28 18:57:19.135083

ADIDAS,ADIDAS Pantofi sport GAMECOURT M,"182,00","182,00",41 1/3,barbati,2019-10-28 18:57:20.530695

ADIDAS,ADIDAS Pantofi sport GAMECOURT M,"182,00","280,00",40,barbati,2019-10-28 18:57:22.090084

ADIDAS,ADIDAS Pantofi sport GAMECOURT M,"182,00","280,00",40,barbati,2019-10-28 18:57:23.524630

ASICS,ASICS Pantofi sport GEL-CUMULUS 19,"346,80","408,00",42,barbati,2019-10-28 18:57:25.012511

ASICS,ASICS Pantofi sport GEL-NIMBUS 19,"484,50","510,00",42,barbati,2019-10-28 18:57:26.534204

ASICS,ASICS Pantofi sport GEL-PULSE 8 SHOCKING ORANGE/BLACK/WHITE,"239,69","281,99",42,barbati,2019-10-28 18:57:28.980910

SERGIO TACCHINI,SERGIO TACCHINI Pantofi sport GHIBLI  02.NAVY,"104,43","177,00",43,barbati,2019-10-28 18:57:31.148318

ELLESSE,ELLESSE Pantofi sport GORDON,"159,60","228,00",44,barbati,2019-10-28 18:57:32.937118

ELLESSE,ELLESSE Pantofi sport GORDON,"159,60","228,00",44,barbati,2019-10-28 18:57:34.340765

SERGIO TACCHINI,SERGIO TACCHINI Pantofi sport GRAN TORINO 01.WHITE-DEEP,"95,63","131,00",46,barbati,2019-10-28 18:57:35.767349

SERGIO TACCHINI,SERGIO TACCHINI Pantofi sport GRAN TORINO 21.WHITE- GREY,"98,25","131,00",43,barbati,2019-10-28 18:57:37.538600

ADIDAS,ADIDAS Pantofi sport GRAND COURT,"329,99","329,99",41 1/3,barbati,2019-10-28 18:57:38.979454

ADIDAS,ADIDAS Pantofi sport GRAND COURT,"329,99","329,99",41 1/3,barbati,2019-10-28 18:57:40.683493

ADIDAS,ADIDAS Pantofi sport GRAND COURT,"247,00","379,99",40,barbati,2019-10-28 18:57:42.569579

ADIDAS,ADIDAS Pantofi sport GRAND COURT,"247,00","379,99",40,barbati,2019-10-28 18:57:44.538475

ADIDAS,ADIDAS Pantofi sport GRAND COURT BASE,"156,00","239,99",40 2/3,barbati,2019-10-28 18:57:45.981275

ADIDAS,ADIDAS Pantofi sport GRAND COURT BASE,"156,00","239,99",40 2/3,barbati,2019-10-28 18:57:47.554028

ADIDAS,ADIDAS Pantofi sport GRAND COURT BASE,"156,00","239,99",40,barbati,2019-10-28 18:57:49.143521

CHAMPION,CHAMPION Pantofi sport GRANT,"113,25","151,00",44,barbati,2019-10-28 18:57:50.586817

CHAMPION,CHAMPION Pantofi sport GRANT,"125,00","125,00",41,barbati,2019-10-28 18:57:52.051439

CHAMPION,CHAMPION Pantofi sport GRANT V1,"180,00","180,00",41,barbati,2019-10-28 18:57:53.443004

CHAMPION,CHAMPION Pantofi sport GRANT V1,"180,00","180,00",42,barbati,2019-10-28 18:57:54.978944

CHAMPION,CHAMPION Pantofi sport GRIFF,"167,99","280,00",41,barbati,2019-10-28 18:57:56.450095

CHAMPION,CHAMPION Pantofi sport GRIFF,"167,99","280,00",42,barbati,2019-10-28 18:57:57.828190

ADIDAS,ADIDAS Pantofi sport HARDEN B/E 2,"341,99","360,00",44 2/3,barbati,2019-10-28 18:57:59.604420

ELLESSE,ELLESSE Pantofi sport HAUL 10.WHITE/NAVY/JEANS,"82,65","95,00",45,barbati,2019-10-28 18:58:00.977756

ELLESSE,ELLESSE Pantofi sport HEFF,"161,49","190,00",44,barbati,2019-10-28 18:58:02.421419

REEBOK,REEBOK Pantofi sport HEXAFFECT RUN LE,"174,00","174,00",42,barbati,2019-10-28 18:58:03.876712

ELLESSE,ELLESSE Pantofi sport HITCH,"120,00","199,99",44,barbati,2019-10-28 18:58:05.466793

ELLESSE,ELLESSE Pantofi sport HITCH,"139,99","199,99",44,barbati,2019-10-28 18:58:07.058577

ELLESSE,ELLESSE Pantofi sport HOLMS,"86,25","115,00",44,barbati,2019-10-28 18:58:08.630013

ADIDAS,ADIDAS Pantofi sport HOOPS 2.0,"167,00","167,00",41 1/3,barbati,2019-10-28 18:58:10.861107

ADIDAS,ADIDAS Pantofi sport HOOPS 2.0 MID,"245,00","349,99",40,barbati,2019-10-28 18:58:12.321192

ADIDAS,ADIDAS Pantofi sport HOOPS VS MID,"175,20","240,00",44,barbati,2019-10-28 18:58:14.205226

ELLESSE,ELLESSE Pantofi sport HUSH,"123,20","154,00",46,barbati,2019-10-28 18:58:15.644209

ELLESSE,ELLESSE Pantofi sport HYPE NYLON DEEP,"124,20","138,00",44,barbati,2019-10-28 18:58:17.173914

CHAMPION,CHAMPION Pantofi sport JACK,"104,49","190,00",41,barbati,2019-10-28 18:58:18.622565

CHAMPION,CHAMPION Pantofi sport JACK,"104,49","190,00",41,barbati,2019-10-28 18:58:20.152433

CHAMPION,CHAMPION Pantofi sport JARROD,"319,99","319,99",41,barbati,2019-10-28 18:58:21.664928

CHAMPION,CHAMPION Pantofi sport JARROD,"319,99","319,99",41,barbati,2019-10-28 18:58:23.269195

KRONOS,KRONOS Pantofi sport JOE,"84,50","130,00",41,barbati,2019-10-28 18:58:25.444734

KRONOS,KRONOS Pantofi sport JOE,"84,50","130,00",41,barbati,2019-10-28 18:58:26.977527

SLAZENGER,SLAZENGER Pantofi sport JOLLY,"93,50","169,99",40,barbati,2019-10-28 18:58:28.468296

SLAZENGER,SLAZENGER Pantofi sport JOLLY,"93,50","169,99",40,barbati,2019-10-28 18:58:30.024554

ELLESSE,ELLESSE Pantofi sport JONES,"82,11","119,00",44,barbati,2019-10-28 18:58:34.559645

ELLESSE,ELLESSE Pantofi sport JONES,"88,20","126,00",44,barbati,2019-10-28 18:58:36.219654

ELLESSE,ELLESSE Pantofi sport JONES,"100,80","168,00",44,barbati,2019-10-28 18:58:37.820062

NIKE,NIKE Pantofi sport AIR MAX VISION PRM,"306,00","339,99",44,2019-10-28 18:10:54.450051

NIKE,NIKE Pantofi sport AIR MAX VISION SE,"339,99","339,99",40.5,2019-10-28 18:10:54.450051

NIKE,NIKE Pantofi sport AIR RELENTLESS 5,"183,75","245,00",43,2019-10-28 18:10:54.450051

NIKE,NIKE Pantofi sport AIR ZOOM PEGASUS 36 TRAIL,"389,99","599,99",41,2019-10-28 18:10:54.450051

ELLESSE,ELLESSE Pantofi sport JONES,"239,99","239,99",44,barbati,2019-10-28 18:58:39.550681

LOTTO,LOTTO Pantofi sport KABIS,"91,20","114,00",45,barbati,2019-10-28 18:58:41.437643

LOTTO,LOTTO Pantofi sport KABIS,"95,00","95,00",45,barbati,2019-10-28 18:58:43.276374

ADIDAS,ADIDAS Pantofi sport KANADIA 7 TR GTX,"257,60","322,00",42,barbati,2019-10-28 18:58:45.084675

ADIDAS,ADIDAS Pantofi sport KANADIA 7 TR GTX,"285,60","336,00",42,barbati,2019-10-28 18:58:46.550857

ADIDAS,ADIDAS Pantofi sport KANADIA 8.1 TR M,"243,11","286,00",42,barbati,2019-10-28 18:58:48.250022

NIKE,NIKE Pantofi sport KAWA SHOWER,"59,39","66,00",40,barbati,2019-10-28 18:58:49.700287

ELLESSE,ELLESSE Pantofi sport KEEN 02.GREY/NAVY/RED,"99,01","110,00",45,barbati,2019-10-28 18:58:51.704177

ELLESSE,ELLESSE Pantofi sport KEEN 03.NAVY/ORANGE,"99,01","110,00",44,barbati,2019-10-28 18:58:53.547974

CHAMPION,CHAMPION Pantofi sport KEOPS,"115,00","115,00",40,barbati,2019-10-28 18:58:55.100099

CHAMPION,CHAMPION Pantofi sport KEOPS,"115,00","115,00",40,barbati,2019-10-28 18:58:56.763966

NIKE,NIKE Pantofi sport KOBE AD,"426,79","485,00",40.5,barbati,2019-10-28 18:58:58.233857

NIKE,NIKE Pantofi sport KOBE XI ELITE LOW BHM,"569,61","640,01",44.5,barbati,2019-10-28 18:58:59.766102

KRONOS,KRONOS Pantofi sport KOMER,"84,50","130,00",41,barbati,2019-10-28 18:59:01.338933

KRONOS,KRONOS Pantofi sport KOMER,"84,50","130,00",41,barbati,2019-10-28 18:59:03.269569

ELLESSE,ELLESSE Pantofi sport LARIS,"85,50","95,00",44,barbati,2019-10-28 18:59:04.795318

HELLY HANSEN,HELLY HANSEN Pantofi sport LATITUDE 92,"204,41","292,00",44.5,barbati,2019-10-28 18:59:06.720762

HELLY HANSEN,HELLY HANSEN Pantofi sport LATITUDE 92,"175,20","292,00",44,barbati,2019-10-28 18:59:08.357016

SERGIO TACCHINI,SERGIO TACCHINI Pantofi sport LE MANS,"131,99","239,99",41,barbati,2019-10-28 18:59:09.834604

SERGIO TACCHINI,SERGIO TACCHINI Pantofi sport LE MANS,"132,60","156,00",45,barbati,2019-10-28 18:59:11.365006

SERGIO TACCHINI,SERGIO TACCHINI Pantofi sport LE MANS  01.BLACK,"123,90","177,00",44,barbati,2019-10-28 18:59:12.836796

LOTTO,LOTTO Pantofi sport LECCO 2,"120,00","199,99",45,barbati,2019-10-28 18:59:14.296027

LOTTO,LOTTO Pantofi sport LECCO 2,"120,00","199,99",45,barbati,2019-10-28 18:59:15.861208

LOTTO,LOTTO Pantofi sport LECCO LOW,"116,99","179,99",45,barbati,2019-10-28 18:59:17.439333

LOTTO,LOTTO Pantofi sport LECCO LOW,"116,99","179,99",45,barbati,2019-10-28 18:59:18.973403

CHAMPION,CHAMPION Pantofi sport LEGACY  90,"95,55","147,00",43,barbati,2019-10-28 18:59:20.469128

CHAMPION,CHAMPION Pantofi sport LEGACY  90,"95,55","147,00",44,barbati,2019-10-28 18:59:22.139243

CHAMPION,CHAMPION Pantofi sport LEGACY  90,"95,55","147,00",40,barbati,2019-10-28 18:59:24.105240

CHAMPION,CHAMPION Pantofi sport LEGACY  90,"89,05","168,00",44,barbati,2019-10-28 18:59:25.584667

CHAMPION,CHAMPION Pantofi sport LEGACY  90,"100,00","100,00",40,barbati,2019-10-28 18:59:27.274988

CHAMPION,CHAMPION Pantofi sport LEGACY 91,"87,79","114,00",44,barbati,2019-10-28 18:59:28.787633

CHAMPION,CHAMPION Pantofi sport LEGACY V2,"91,31","110,00",41,barbati,2019-10-28 18:59:30.246712

CHAMPION,CHAMPION Pantofi sport LEX,"110,00","110,00",40,barbati,2019-10-28 18:59:32.459074

CHAMPION,CHAMPION Pantofi sport LEX,"94,61","110,00",41,barbati,2019-10-28 18:59:34.416961

ADIDAS,ADIDAS Pantofi sport LIGRA 5,"161,99","161,99",42 2/3,barbati,2019-10-28 18:59:36.476988

ADIDAS,ADIDAS Pantofi sport LIGRA 5,"170,10","189,00",41 1/3,barbati,2019-10-28 18:59:38.435155

ADIDAS,ADIDAS Pantofi sport LITE RACER,"299,99","299,99",39 1/3,barbati,2019-10-28 18:59:40.247499

ADIDAS,ADIDAS Pantofi sport LITE RACER BYD,"217,57","259,00",44,barbati,2019-10-28 18:59:42.236613

CHAMPION,CHAMPION Pantofi sport LOOP,"80,00","80,00",41,barbati,2019-10-28 18:59:43.937699

CHAMPION,CHAMPION Pantofi sport LOOP,"190,00","190,00",40,barbati,2019-10-28 18:59:45.810530

CHAMPION,CHAMPION Pantofi sport LOOP,"190,00","190,00",40,barbati,2019-10-28 18:59:47.391705

NIKE,NIKE Pantofi sport MACH RUNNER,"196,00","196,00",41,barbati,2019-10-28 18:59:48.795138

NIKE,NIKE Pantofi sport MACH RUNNER,"196,00","196,00",41,barbati,2019-10-28 18:59:50.485152

ADIDAS,ADIDAS Pantofi sport MAD BOUNCE,"288,96","336,00",46 2/3,barbati,2019-10-28 18:59:52.121532

CHAMPION,CHAMPION Pantofi sport MADO,"111,21","139,00",44,barbati,2019-10-28 18:59:53.697219

NIKE,NIKE Pantofi sport MD RUNNER 2 19,"195,01","195,01",42,barbati,2019-10-28 19:00:02.426225

NIKE,NIKE Pantofi sport MD RUNNER 2 19,"195,01","195,01",41,barbati,2019-10-28 19:00:04.104010

NIKE,NIKE Pantofi sport MD RUNNER 2 19,"195,01","195,01",42,barbati,2019-10-28 19:00:05.813389

ADIDAS,ADIDAS Pantofi sport MESSI 15.3 TF,"198,00","198,00",44 2/3,barbati,2019-10-28 19:00:07.593473

ELLESSE,ELLESSE Pantofi sport MICHELE LOW,"101,99","169,99",44,barbati,2019-10-28 19:00:09.374924

SERGIO TACCHINI,SERGIO TACCHINI Pantofi sport MILLER  52.TAUPE,"123,90","177,00",40,barbati,2019-10-28 19:00:11.129651

SERGIO TACCHINI,SERGIO TACCHINI Pantofi sport MILLER 54.NAVY,"122,13","177,00",43,barbati,2019-10-28 19:00:12.793903

CHAMPION,CHAMPION Pantofi sport MILWAUKEE  001.DEEP,"95,00","95,00",44,barbati,2019-10-28 19:00:14.344722

CHAMPION,CHAMPION Pantofi sport MOBI MESH,"90,00","90,00",44,barbati,2019-10-28 19:00:16.142830

CHAMPION,CHAMPION Pantofi sport MOBI PU,"103,99","130,00",42,barbati,2019-10-28 19:00:17.850202

CHAMPION,CHAMPION Pantofi sport MONTY,"114,66","147,00",45,barbati,2019-10-28 19:00:19.562117

ELLESSE,ELLESSE Pantofi sport MORGAN,"75,99","95,00",45,barbati,2019-10-28 19:00:21.258509

CHAMPION,CHAMPION Pantofi sport MUSE,"106,79","119,99",44,barbati,2019-10-28 19:00:22.874607

CHAMPION,CHAMPION Pantofi sport MUSE 2,"101,50","175,00",44,barbati,2019-10-28 19:00:24.430796

CHAMPION,CHAMPION Pantofi sport MVP,"126,00","140,00",42,barbati,2019-10-28 19:00:26.025538

ELLESSE,ELLESSE Pantofi sport NAOT,"99,75","132,99",44,barbati,2019-10-28 19:00:27.902920

NEW BALANCE,NEW BALANCE Pantofi sport NEW BALANCE,"251,99","360,00",44,barbati,2019-10-28 19:00:29.416335

NEW BALANCE,NEW BALANCE Pantofi sport NEW BALANCE,"183,59","216,00",44,barbati,2019-10-28 19:00:31.167649

NEW BALANCE,NEW BALANCE Pantofi sport NEW BALANCE,"540,00","600,00",44,barbati,2019-10-28 19:00:33.084855

NEW BALANCE,NEW BALANCE Pantofi sport NEW BALANCE  M MLAZARM,"215,38","242,00",42.5,barbati,2019-10-28 19:00:34.754484

NEW BALANCE,NEW BALANCE Pantofi sport NEW BALANCE M,"446,39","480,00",42,barbati,2019-10-28 19:00:36.218574

NEW BALANCE,NEW BALANCE Pantofi sport NEW BALANCE M,"270,31","318,00",41.5,barbati,2019-10-28 19:00:38.254289

NEW BALANCE,NEW BALANCE Pantofi sport NEW BALANCE M,"289,10","413,00",42,barbati,2019-10-28 19:00:40.070157

NEW BALANCE,NEW BALANCE Pantofi sport NEW BALANCE M,"285,60","357,00",40.5,barbati,2019-10-28 19:00:41.676811

NEW BALANCE,NEW BALANCE Pantofi sport NEW BALANCE M 1080,"379,44","408,00",41.5,barbati,2019-10-28 19:00:43.302536

NEW BALANCE,NEW BALANCE Pantofi sport NEW BALANCE M 220,"187,20","208,00",41.5,barbati,2019-10-28 19:00:45.189619

NEW BALANCE,NEW BALANCE Pantofi sport NEW BALANCE M 373,"175,50","195,01",40,barbati,2019-10-28 19:00:46.911552

NEW BALANCE,NEW BALANCE Pantofi sport NEW BALANCE M 373,"185,40","206,00",42,barbati,2019-10-28 19:00:48.685768

NEW BALANCE,NEW BALANCE Pantofi sport NEW BALANCE M 373,"195,01","195,01",40,barbati,2019-10-28 19:00:50.449474

NEW BALANCE,NEW BALANCE Pantofi sport NEW BALANCE M 373,"181,00","181,00",41.5,barbati,2019-10-28 19:00:52.139088

NEW BALANCE,NEW BALANCE Pantofi sport NEW BALANCE M 373,"175,50","195,01",41.5,barbati,2019-10-28 19:00:54.553307

NEW BALANCE,NEW BALANCE Pantofi sport NEW BALANCE M 373,"187,00","339,99",40,barbati,2019-10-28 19:00:56.806206

NEW BALANCE,NEW BALANCE Pantofi sport NEW BALANCE M 373,"204,00","339,99",42,barbati,2019-10-28 19:00:59.247286

NEW BALANCE,NEW BALANCE Pantofi sport NEW BALANCE M 373,"204,00","339,99",41.5,barbati,2019-10-28 19:01:02.208148

NEW BALANCE,NEW BALANCE Pantofi sport NEW BALANCE M 373,"210,00","349,99",40,barbati,2019-10-28 19:01:03.970576

NEW BALANCE,NEW BALANCE Pantofi sport NEW BALANCE M 373,"210,00","349,99",40,barbati,2019-10-28 19:01:05.571535

NEW BALANCE,NEW BALANCE Pantofi sport NEW BALANCE M 500,"175,50","195,01",40,barbati,2019-10-28 19:01:06.941823

NEW BALANCE,NEW BALANCE Pantofi sport NEW BALANCE M 500,"192,49","349,99",40,barbati,2019-10-28 19:01:08.383029

NEW BALANCE,NEW BALANCE Pantofi sport NEW BALANCE M 500,"192,49","349,99",40,barbati,2019-10-28 19:01:10.340375

NEW BALANCE,NEW BALANCE Pantofi sport NEW BALANCE M 500,"192,49","349,99",40,barbati,2019-10-28 19:01:12.062591

NEW BALANCE,NEW BALANCE Pantofi sport NEW BALANCE M 515,"210,00","349,99",40,barbati,2019-10-28 19:01:13.806146

NEW BALANCE,NEW BALANCE Pantofi sport NEW BALANCE M 520,"224,46","258,00",44,barbati,2019-10-28 19:01:15.437973

NEW BALANCE,NEW BALANCE Pantofi sport NEW BALANCE M 574,"233,99","389,99",40,barbati,2019-10-28 19:01:17.238844

NEW BALANCE,NEW BALANCE Pantofi sport NEW BALANCE M 574,"233,99","389,99",40,barbati,2019-10-28 19:01:18.867119

NEW BALANCE,NEW BALANCE Pantofi sport NEW BALANCE M 574,"222,70","262,00",40.5,barbati,2019-10-28 19:01:20.350424

NEW BALANCE,NEW BALANCE Pantofi sport NEW BALANCE M 574,"233,99","389,99",43,barbati,2019-10-28 19:01:22.107421

NEW BALANCE,NEW BALANCE Pantofi sport NEW BALANCE M 574,"222,99","222,99",42,barbati,2019-10-28 19:01:23.560377

NEW BALANCE,NEW BALANCE Pantofi sport NEW BALANCE M 574,"246,00","246,00",40,barbati,2019-10-28 19:01:25.086802

NEW BALANCE,NEW BALANCE Pantofi sport NEW BALANCE M 574,"246,00","246,00",40,barbati,2019-10-28 19:01:30.854563

NEW BALANCE,NEW BALANCE Pantofi sport NEW BALANCE M 574,"244,79","272,00",40,barbati,2019-10-28 19:01:32.265553

NEW BALANCE,NEW BALANCE Pantofi sport NEW BALANCE M 574,"227,99","379,99",42,barbati,2019-10-28 19:01:34.425276

NEW BALANCE,NEW BALANCE Pantofi sport NEW BALANCE M 574,"227,99","379,99",42,barbati,2019-10-28 19:01:35.933883

NEW BALANCE,NEW BALANCE Pantofi sport NEW BALANCE M 574,"227,99","379,99",42,barbati,2019-10-28 19:01:37.709858

NEW BALANCE,NEW BALANCE Pantofi sport NEW BALANCE M 574,"251,99","419,99",40.5,barbati,2019-10-28 19:01:39.431281

NEW BALANCE,NEW BALANCE Pantofi sport NEW BALANCE M 574,"227,49","349,99",41.5,barbati,2019-10-28 19:01:40.969259

NEW BALANCE,NEW BALANCE Pantofi sport NEW BALANCE M 574,"227,49","349,99",40,barbati,2019-10-28 19:01:42.443631

NEW BALANCE,NEW BALANCE Pantofi sport NEW BALANCE M 574,"257,99","429,99",40,barbati,2019-10-28 19:01:43.917267

NEW BALANCE,NEW BALANCE Pantofi sport NEW BALANCE M 680,"240,00","399,99",41.5,barbati,2019-10-28 19:01:45.363293

NEW BALANCE,NEW BALANCE Pantofi sport NEW BALANCE M 754,"341,99","569,99",40.5,barbati,2019-10-28 19:01:47.038141

NEW BALANCE,NEW BALANCE Pantofi sport NEW BALANCE M 880,"315,90","351,00",41.5,barbati,2019-10-28 19:01:48.457281

NEW BALANCE,NEW BALANCE Pantofi sport NEW BALANCE M 997,"216,00","240,00",40.5,barbati,2019-10-28 19:01:50.236671

NEW BALANCE,NEW BALANCE Pantofi sport NEW BALANCE M 997,"419,99","419,99",42,barbati,2019-10-28 19:01:51.650505

NEW BALANCE,NEW BALANCE Pantofi sport NEW BALANCE M 997,"251,99","419,99",41.5,barbati,2019-10-28 19:01:53.215222

NEW BALANCE,NEW BALANCE Pantofi sport NEW BALANCE M 997,"251,99","419,99",42,barbati,2019-10-28 19:01:54.852758

NEW BALANCE,NEW BALANCE Pantofi sport NEW BALANCE M 997,"251,99","419,99",40,barbati,2019-10-28 19:01:56.455348

NEW BALANCE,NEW BALANCE Pantofi sport NEW BALANCE M 997,"287,99","479,99",40,barbati,2019-10-28 19:01:58.398930

NEW BALANCE,NEW BALANCE Pantofi sport NEW BALANCE M FUELCELL,"300,00","499,99",41.5,barbati,2019-10-28 19:02:01.050111

NEW BALANCE,NEW BALANCE Pantofi sport NEW BALANCE M MSTROL,"202,54","247,00",41.5,barbati,2019-10-28 19:02:02.776327

NEW BALANCE,NEW BALANCE Pantofi sport NEW BALANCE M TRAIL,"216,00","359,99",41.5,barbati,2019-10-28 19:02:04.306121

NEW BALANCE,NEW BALANCE Pantofi sport NEW BALANCE MCRUZ,"222,29","247,00",40,barbati,2019-10-28 19:02:05.730745

NEW BALANCE,NEW BALANCE Pantofi sport NEW BALANCE MCRUZ,"222,29","247,00",40,barbati,2019-10-28 19:02:07.259588

NEW BALANCE,NEW BALANCE Pantofi sport NEW BALANCE MFLSHL,"191,99","191,99",40,barbati,2019-10-28 19:02:08.735023

NEW BALANCE,NEW BALANCE Pantofi sport NEW BALANCE MSYNLF1,"254,54","286,00",41.5,barbati,2019-10-28 19:02:10.221181

NEW BALANCE,NEW BALANCE Pantofi sport NEW BALANCE SHOES,"167,67","207,00",43,barbati,2019-10-28 19:02:12.227153

NEW BALANCE,NEW BALANCE Pantofi sport NEW BALANCE SHOES,"220,15","259,00",44.5,barbati,2019-10-28 19:02:13.640481

NEW BALANCE,NEW BALANCE Pantofi sport NEW BALANCE SHOES,"240,00","240,00",41.5,barbati,2019-10-28 19:02:15.239330

NEW BALANCE,NEW BALANCE Pantofi sport NEW BALANCE U 520,"218,00","218,00",43,barbati,2019-10-28 19:02:17.223475

NEW BALANCE,NEW BALANCE Pantofi sport NEW BALANCE U 520,"210,61","234,00",41.5,barbati,2019-10-28 19:02:18.666324

CHAMPION,CHAMPION Pantofi sport NEW RATTLE,"89,11","110,00",40,barbati,2019-10-28 19:02:20.215287

CHAMPION,CHAMPION Pantofi sport NEW VAULT,"180,00","180,00",41,barbati,2019-10-28 19:02:21.853321

CHAMPION,CHAMPION Pantofi sport NEW VAULT,"180,00","180,00",41,barbati,2019-10-28 19:02:23.474400

NEW BALANCE,NEW BALANCE Pantofi sport NEWBALANCEM220,"175,50","195,01",40,barbati,2019-10-28 19:02:25.160195

NEW BALANCE,NEW BALANCE Pantofi sport NEWBALANCEM500,"161,98","182,00",40,barbati,2019-10-28 19:02:26.655668

NEW BALANCE,NEW BALANCE Pantofi sport NEWBALANCEM500,"182,00","182,00",40,barbati,2019-10-28 19:02:28.356969

NEW BALANCE,NEW BALANCE Pantofi sport NEWBALANCEM574,"238,00","238,00",40,barbati,2019-10-28 19:02:29.868620

NEW BALANCE,NEW BALANCE Pantofi sport NEWBALANCEM574,"240,00","240,00",40,barbati,2019-10-28 19:02:31.396789

NEW BALANCE,NEW BALANCE Pantofi sport NEWBALANCEM997,"197,54","238,00",41.5,barbati,2019-10-28 19:02:33.238419

NEW BALANCE,NEW BALANCE Pantofi sport NEWBALANCEMOLVR,"15,40","19,00",42,barbati,2019-10-28 19:02:34.894905

NIKE,NIKE Pantofi sport NIKE AIR HEIGHTS,"240,50","369,99",41,barbati,2019-10-28 19:02:36.421259

NIKE,NIKE Pantofi sport NIKE AIR HEIGHTS,"240,50","369,99",41,barbati,2019-10-28 19:02:37.854634

NIKE,NIKE Pantofi sport NIKE AIR MAX 90 PREMIUM JCRD,"414,00","414,00",40,barbati,2019-10-28 19:02:39.509139

NIKE,NIKE Pantofi sport NIKE AIR MAX 90 ULTRA 2.0 BR,"390,00","390,00",41,barbati,2019-10-28 19:02:40.975327

NIKE,NIKE Pantofi sport NIKE AIR MAX 90 ULTRA 2.0 BR,"390,00","390,00",43,barbati,2019-10-28 19:02:42.526981

NIKE,NIKE Pantofi sport NIKE AIR MAX ADVANTAGE 2,"234,00","234,00",41,barbati,2019-10-28 19:02:44.043618

NIKE,NIKE Pantofi sport NIKE AIR MAX ALPHA SAVAGE,"305,50","469,99",41,barbati,2019-10-28 19:02:45.510024

NIKE,NIKE Pantofi sport NIKE AIR MAX ALPHA TRAINER,"234,00","234,00",41,barbati,2019-10-28 19:02:46.866864

NIKE,NIKE Pantofi sport NIKE AIR MAX ALPHA TRAINER,"234,00","234,00",40,barbati,2019-10-28 19:02:52.018012

NIKE,NIKE Pantofi sport NIKE AIR MAX ALPHA TRAINER,"389,99","389,99",40,barbati,2019-10-28 19:02:53.405422

NIKE,NIKE Pantofi sport NIKE AIR MAX ALPHA TRAINER 2,"240,50","369,99",40,barbati,2019-10-28 19:02:55.251231

NIKE,NIKE Pantofi sport NIKE AIR MAX ALPHA TRAINER 2,"240,50","369,99",40,barbati,2019-10-28 19:02:56.738374

NIKE,NIKE Pantofi sport NIKE AIR MAX AXIS,"297,00","330,00",44,barbati,2019-10-28 19:02:58.939350

NIKE,NIKE Pantofi sport NIKE AIR MAX AXIS,"274,68","327,00",41,barbati,2019-10-28 19:03:03.932065

NIKE,NIKE Pantofi sport NIKE AIR MAX AXIS,"277,20","330,00",40,barbati,2019-10-28 19:03:05.378407

NIKE,NIKE Pantofi sport NIKE AIR MAX AXIS,"549,99","549,99",40,barbati,2019-10-28 19:03:06.863783

NIKE,NIKE Pantofi sport NIKE AIR MAX AXIS PREM,"307,00","307,00",40.5,barbati,2019-10-28 19:03:08.554793

NIKE,NIKE Pantofi sport NIKE AIR MAX AXIS PREM,"549,99","549,99",42,barbati,2019-10-28 19:03:10.049597

NIKE,NIKE Pantofi sport NIKE AIR MAX COMMAND LEATHER,"599,99","599,99",41,barbati,2019-10-28 19:03:11.956721

NIKE,NIKE Pantofi sport NIKE AIR MAX COMMAND LEATHER,"391,00","391,00",41,barbati,2019-10-28 19:03:13.467349

NIKE,NIKE Pantofi sport NIKE AIR MAX DYNASTY,"218,40","273,00",44.5,barbati,2019-10-28 19:03:14.957142

NIKE,NIKE Pantofi sport NIKE AIR MAX FURY,"319,50","355,00",40,barbati,2019-10-28 19:03:16.642067

NIKE,NIKE Pantofi sport NIKE AIR MAX GRAVITON,"299,00","459,99",40,barbati,2019-10-28 19:03:18.523995

NIKE,NIKE Pantofi sport NIKE AIR MAX GRAVITON,"299,00","459,99",41,barbati,2019-10-28 19:03:20.370379

NIKE,NIKE Pantofi sport NIKE AIR MAX GRAVITON,"299,00","459,99",40,barbati,2019-10-28 19:03:21.907505

NIKE,NIKE Pantofi sport NIKE AIR MAX GRAVITON LEA,"469,99","469,99",40,barbati,2019-10-28 19:03:23.553547

NIKE,NIKE Pantofi sport NIKE AIR MAX INVIGOR MID,"291,20","416,00",40,barbati,2019-10-28 19:03:25.481709

NIKE,NIKE Pantofi sport NIKE AIR MAX INVIGOR PRINT,"279,00","279,00",44,barbati,2019-10-28 19:03:26.890683

NIKE,NIKE Pantofi sport NIKE AIR MAX INVIGOR SE,"294,00","294,00",43,barbati,2019-10-28 19:03:28.496659

NIKE,NIKE Pantofi sport NIKE AIR MAX MOTION 2,"248,20","292,00",42,barbati,2019-10-28 19:03:30.459070

NIKE,NIKE Pantofi sport NIKE AIR MAX MOTION 2,"247,52","272,00",40.5,barbati,2019-10-28 19:03:32.319080

NIKE,NIKE Pantofi sport NIKE AIR MAX MOTION 2,"294,00","489,99",41,barbati,2019-10-28 19:03:33.741553

NIKE,NIKE Pantofi sport NIKE AIR MAX MOTION LW SE,"270,00","270,00",40.5,barbati,2019-10-28 19:03:35.178108

NIKE,NIKE Pantofi sport NIKE AIR MAX MOTION LW SE,"270,00","270,00",40,barbati,2019-10-28 19:03:36.788878

NIKE,NIKE Pantofi sport NIKE AIR MAX MOTION RACER,"316,00","316,00",40,barbati,2019-10-28 19:03:38.438116

NIKE,NIKE Pantofi sport NIKE AIR MAX MOTION RACER,"339,99","339,99",40,barbati,2019-10-28 19:03:39.866679

NIKE,NIKE Pantofi sport NIKE AIR MAX NOSTALGIC,"246,59","274,00",40,barbati,2019-10-28 19:03:41.460776

NIKE,NIKE Pantofi sport NIKE AIR MAX NOSTALGIC,"274,00","274,00",40,barbati,2019-10-28 19:03:43.327539

NIKE,NIKE Pantofi sport NIKE AIR MAX OKETO,"221,99","369,99",41,barbati,2019-10-28 19:03:45.051729

NIKE,NIKE Pantofi sport NIKE AIR MAX OKETO,"221,99","369,99",40,barbati,2019-10-28 19:03:46.482001

NIKE,NIKE Pantofi sport NIKE AIR MAX PREMIERE RUN,"199,19","240,00",42,barbati,2019-10-28 19:03:48.059938

NIKE,NIKE Pantofi sport NIKE AIR MAX PRIME,"370,80","412,00",40,barbati,2019-10-28 19:03:49.633860

NIKE,NIKE Pantofi sport NIKE AIR MAX PRIME,"382,00","382,00",44,barbati,2019-10-28 19:03:54.444699

NIKE,NIKE Pantofi sport NIKE AIR MAX PRIME SL,"322,00","350,00",42,barbati,2019-10-28 19:03:56.290448

NIKE,NIKE Pantofi sport NIKE AIR MAX SEQUENT 3,"306,00","339,99",44,barbati,2019-10-28 19:03:57.731037

NIKE,NIKE Pantofi sport NIKE AIR MAX SEQUENT 3,"320,00","320,00",40.5,barbati,2019-10-28 19:03:59.312334

NIKE,NIKE Pantofi sport NIKE AIR MAX SEQUENT 3,"313,49","418,00",40,barbati,2019-10-28 19:04:00.862716

NIKE,NIKE Pantofi sport NIKE AIR MAX SEQUENT 3,"286,44","337,00",40,barbati,2019-10-28 19:04:02.568611

NIKE,NIKE Pantofi sport NIKE AIR MAX SEQUENT 3,"273,91","301,00",41,barbati,2019-10-28 19:04:04.286029

NIKE,NIKE Pantofi sport NIKE AIR MAX SEQUENT 3 PRM CMO,"270,59","330,00",40,barbati,2019-10-28 19:04:06.207355

NIKE,NIKE Pantofi sport NIKE AIR MAX SEQUENT 3 PRM VST,"301,00","301,00",40,barbati,2019-10-28 19:04:07.900199

NIKE,NIKE Pantofi sport NIKE AIR MAX SEQUENT 4,"333,00","369,99",40.5,barbati,2019-10-28 19:04:09.480473

NIKE,NIKE Pantofi sport NIKE AIR MAX SEQUENT 4.5 SE,"293,39","326,00",40,barbati,2019-10-28 19:04:11.171017

NIKE,NIKE Pantofi sport NIKE AIR MAX SEQUENT 4.5 SE,"325,00","325,00",40,barbati,2019-10-28 19:04:12.799260

NIKE,NIKE Pantofi sport NIKE AIR MAX TAVAS,"296,45","385,00",44,barbati,2019-10-28 19:04:14.657938

NIKE,NIKE Pantofi sport NIKE AIR MAX TAVAS,"330,00","330,00",42,barbati,2019-10-28 19:04:16.558086

NIKE,NIKE Pantofi sport NIKE AIR MAX TAVAS PRM,"339,15","399,00",42,barbati,2019-10-28 19:04:22.059657

NIKE,NIKE Pantofi sport NIKE AIR MAX TRAINER 1,"489,99","489,99",40,barbati,2019-10-28 19:04:23.711054

NIKE,NIKE Pantofi sport NIKE AIR MAX ZERO BR,"378,00","378,00",42,barbati,2019-10-28 19:04:25.117229

NIKE,NIKE Pantofi sport NIKE AIR MAX ZERO ESSENTIAL,"354,89","390,00",40,barbati,2019-10-28 19:04:26.690036

NIKE,NIKE Pantofi sport NIKE AIR MAX ZERO ESSENTIAL,"390,00","390,00",40,barbati,2019-10-28 19:04:28.143229

NIKE,NIKE Pantofi sport NIKE AIR MAX ZERO SE,"372,01","372,01",42,barbati,2019-10-28 19:04:29.724904

NIKE,NIKE Pantofi sport NIKE AIR ZOOM PEGASUS 32,"315,90","351,00",42,barbati,2019-10-28 19:04:31.657593

NIKE,NIKE Pantofi sport NIKE AIR ZOOM PEGASUS 34,"337,60","422,00",42,barbati,2019-10-28 19:04:33.144205

NIKE,NIKE Pantofi sport NIKE AIR ZOOM PEGASUS 35,"364,00","364,00",41,barbati,2019-10-28 19:04:34.745268

NIKE,NIKE Pantofi sport NIKE AIR ZOOM PEGASUS 36,"327,60","364,00",40,barbati,2019-10-28 19:04:36.289351

NIKE,NIKE Pantofi sport NIKE AIR ZOOM PEGASUS 36,"328,50","365,00",40,barbati,2019-10-28 19:04:38.060568

NIKE,NIKE Pantofi sport NIKE AIR ZOOM PEGASUS 36,"364,00","559,99",41,barbati,2019-10-28 19:04:39.970721

NIKE,NIKE Pantofi sport NIKE AIR ZOOM ULTRA CLY,"245,33","281,99",42.5,barbati,2019-10-28 19:04:43.286657

NIKE,NIKE Pantofi sport NIKE AIR ZOOM WILDHORSE 5,"327,60","364,00",41,barbati,2019-10-28 19:04:44.801696

NIKE,NIKE Pantofi sport NIKE AIR ZOOM WILDHORSE 5,"364,00","559,99",40,barbati,2019-10-28 19:04:46.689178

NIKE,NIKE Pantofi sport NIKE ARROWZ,"234,00","234,00",40,barbati,2019-10-28 19:04:48.193832

NIKE,NIKE Pantofi sport NIKE ARROWZ,"198,90","234,00",44,barbati,2019-10-28 19:04:49.968288

NIKE,NIKE Pantofi sport NIKE ARROWZ,"220,00","220,00",41,barbati,2019-10-28 19:04:51.684650

NIKE,NIKE Pantofi sport NIKE ARROWZ,"204,85","241,00",41,barbati,2019-10-28 19:04:53.282600

NIKE,NIKE Pantofi sport NIKE ARROWZ,"208,80","232,00",41,barbati,2019-10-28 19:04:54.795237

NIKE,NIKE Pantofi sport NIKE CK RACER,"191,99","191,99",40,barbati,2019-10-28 19:04:56.392991

NIKE,NIKE Pantofi sport NIKE COURT BOROUGH LOW,"149,10","210,00",42.5,barbati,2019-10-28 19:04:57.732233

NIKE,NIKE Pantofi sport NIKE COURT BOROUGH LOW SE,"189,00","210,00",40.5,barbati,2019-10-28 19:04:59.235884

NIKE,NIKE Pantofi sport NIKE COURT BOROUGH LOW SE,"195,99","280,00",41,barbati,2019-10-28 19:05:01.224624

NIKE,NIKE Pantofi sport NIKE COURT ROYALE,"161,00","161,00",40.5,barbati,2019-10-28 19:05:03.083614

NIKE,NIKE Pantofi sport NIKE COURT ROYALE,"136,08","161,99",41,barbati,2019-10-28 19:05:04.928564

NIKE,NIKE Pantofi sport NIKE COURT ROYALE,"150,00","150,00",42,barbati,2019-10-28 19:05:06.466970

NIKE,NIKE Pantofi sport NIKE COURT ROYALE SUEDE,"147,85","168,00",43,barbati,2019-10-28 19:05:08.200506

NIKE,NIKE Pantofi sport NIKE COURT ROYALE SUEDE,"153,00","180,00",40.5,barbati,2019-10-28 19:05:09.647485

NIKE,NIKE Pantofi sport NIKE COURT ROYALE SUEDE,"145,80","180,00",41,barbati,2019-10-28 19:05:11.975160

NIKE,NIKE Pantofi sport NIKE COURT ROYALE SUEDE,"147,60","180,00",44,barbati,2019-10-28 19:05:13.570358

NIKE,NIKE Pantofi sport NIKE COURT ROYALE SUEDE,"161,99","180,00",41,barbati,2019-10-28 19:05:15.081355

NIKE,NIKE Pantofi sport NIKE COURT ROYALE SUEDE,"167,00","167,00",40,barbati,2019-10-28 19:05:16.629741

NIKE,NIKE Pantofi sport NIKE COURT VISION LO,"310,00","310,00",40,barbati,2019-10-28 19:05:18.375595

NIKE,NIKE Pantofi sport NIKE COURT VISION MID,"349,99","349,99",40,barbati,2019-10-28 19:05:19.878908

NIKE,NIKE Pantofi sport NIKE DELFINE,"220,99","339,99",41,barbati,2019-10-28 19:05:21.645681

NIKE,NIKE Pantofi sport NIKE DOWNSHIFTER 6 LEA,"142,10","203,00",44.5,barbati,2019-10-28 19:05:23.069973

NIKE,NIKE Pantofi sport NIKE DOWNSHIFTER 8,"180,00","180,00",40,barbati,2019-10-28 19:05:25.018153

NIKE,NIKE Pantofi sport NIKE DOWNSHIFTER 8,"161,99","180,00",40,barbati,2019-10-28 19:05:27.063029

NIKE,NIKE Pantofi sport NIKE DOWNSHIFTER 8,"168,00","240,00",40,barbati,2019-10-28 19:05:28.985835

NIKE,NIKE Pantofi sport NIKE DOWNSHIFTER 8,"158,40","240,00",44,barbati,2019-10-28 19:05:30.638040

NIKE,NIKE Pantofi sport NIKE DOWNSHIFTER 8,"299,99","299,99",40,barbati,2019-10-28 19:05:31.999065

NIKE,NIKE Pantofi sport NIKE DOWNSHIFTER 8,"161,99","180,00",40.5,barbati,2019-10-28 19:05:34.227940

NIKE,NIKE Pantofi sport NIKE DOWNSHIFTER 8,"148,63","167,00",44,barbati,2019-10-28 19:05:35.794463

NIKE,NIKE Pantofi sport NIKE DOWNSHIFTER 8,"161,10","179,00",42,barbati,2019-10-28 19:05:37.332851

NIKE,NIKE Pantofi sport NIKE DOWNSHIFTER 8,"161,10","179,00",42,barbati,2019-10-28 19:05:38.924568

NIKE,NIKE Pantofi sport NIKE DOWNSHIFTER 8,"166,01","166,01",40,barbati,2019-10-28 19:05:40.457108

NIKE,NIKE Pantofi sport NIKE DOWNSHIFTER 8,"160,20","178,00",40,barbati,2019-10-28 19:05:45.927682

